"x","y","y_perfect"
2.73546189257668,21.6231970758396,10.2735461892577
10.8364332422208,22.2029617745916,11.0836433242221
0.643713875899529,1.35659505153653,10.06437138759
24.9528080213779,14.6025966528662,12.4952808021378
12.2950777181536,11.9234642455599,11.2295077718154
0.795316158819848,-6.54695691253726,10.079531615882
13.8742905242849,19.4958288542008,11.3874290524285
16.3832470512922,-7.4851332553416,11.6383247051292
14.7578135165349,-0.991752936296928,11.4757813516535
5.94611612843644,20.5761560634168,10.5946116128436
24.1178116845085,7.00305372330823,12.4117811684508
12.8984323641143,9.12608532860896,11.2898432364114
2.78759419458196,-5.94061350896159,10.2787594194582
-13.146998871775,-5.82433954117111,8.6853001128225
20.2493091814311,15.5340282250213,12.0249309181431
8.55066390984769,9.10959710367253,10.8550663909848
8.83809736901054,4.96952503473948,10.8838097369011
18.438362106853,-1.49643639827546,11.8438362106853
17.2122119509809,0.748236183175246,11.7212211950981
14.9390132121751,31.8549374148607,11.4939013212175
18.1897737160822,8.55408143785996,11.8189773716082
16.8213630073107,19.4221884209459,11.6821363007311
9.74564983365191,18.824628990158,10.9745649833652
-10.8935169586337,16.5431091075956,8.91064830413663
15.1982574789471,14.4679133435451,11.5198257478947
8.43871260470999,-1.67968798125556,10.843871260471
7.44204493294671,0.649166965598067,10.7442044932947
-5.70752383899274,16.9431595615601,9.42924761610073
4.2184994489138,-2.66168518093623,10.4218499448914
13.179415601997,16.5933425308362,11.3179415601997
22.5867955152904,6.92328381575565,12.258679551529
7.97212272657004,6.81345213172062,10.797212272657
12.8767161155937,3.39197710661108,11.2876716115594
8.46194959417095,8.54478359671162,10.8461949594171
-4.77059556828607,18.2947888596894,9.52294044317139
4.8500543670032,15.0223372121121,10.4850054367003
5.05710046289651,8.1810685690555,10.5057100462896
8.40686603288814,19.5407418501916,10.8406866032888
20.0002537198388,28.5600627134521,12.0000253719839
16.6317574845754,11.5994864593091,11.6631757484575
7.35476403746413,15.440370934824,10.7354764037464
6.46638319863492,13.4288248105109,10.6466383198635
15.9696337540474,1.81793396522362,11.5969633754047
14.5666319867366,2.19080177721415,11.4566631986737
2.1124430545048,29.4089489316625,10.2112443054505
1.9250484303788,19.0052827207997,10.1925048430379
12.6458196213683,18.6853996814016,11.2645819621368
16.6853292451542,13.1442669650098,11.6685329245154
7.87653787849772,15.6415394377725,10.7876537878498
17.8110772645421,13.299668121914,11.7811077264542
12.9810588036707,11.7180934212398,11.2981058803671
2.87973606749229,12.5221967261797,10.2879736067492
12.4111969142442,1.13646883138228,11.2411196914244
-2.29363096080793,33.7828579236314,9.77063690391921
23.3302370170104,20.3526416044099,12.333023701701
28.8039989850586,10.3683203089494,12.8803998985059
5.32778523533491,22.6616722318258,10.5327785235335
-1.44134626316531,3.58328451363468,9.85586537368347
14.6971962744241,28.581304702201,11.4697196274424
7.64945396119176,6.82120986589157,10.7649453961192
33.0161776050478,-9.91329080401432,13.3016177605048
8.60759997266831,24.5019519512625,10.8607599972668
15.8973936245078,22.9120306897383,11.5897393624508
9.28002158780666,3.18483896519358,10.9280021587807
1.56726791117595,-3.94702286881827,10.1567267911176
10.8879229951434,-7.2564835074521,11.0887922995143
-9.04958628891038,6.40490599180469,9.09504137110896
23.6555486156289,-5.97373091123379,12.3655548615629
10.532533382119,2.90857315046215,11.0532533382119
30.7261167036215,14.7083328941484,13.0726116703622
13.7550952889966,19.9307017494037,11.3755095288997
1.90053569078185,1.99042230028081,10.1900535690782
15.1072635348905,10.2746987537323,11.5107263534891
-0.340976316442514,12.5153847287701,9.96590236835575
-3.53633400239102,26.8356299821341,9.6463665997609
11.9144623551746,1.60601096024627,11.1914462355175
4.56708126781567,-5.58639449082324,10.4567081267816
9.01105351631624,-7.55498886547641,10.9011053516316
9.74341324151664,16.5317131770494,10.9743413241517
3.10479053811928,9.70928714030824,10.3104790538119
3.31331267181498,18.0521943111128,10.3313312671815
7.64821384876168,9.35642751330262,10.7648213848762
20.780869965732,16.0090262517158,12.0780869965732
-6.23566800429762,11.6186189411647,9.37643319957024
14.9394618762842,11.7293660393142,11.4939461876284
12.3295037121352,5.00332377356564,11.2329503712135
19.6309983727636,24.5831936435403,11.9630998372764
5.95816076365699,6.53807564860799,10.5958160763657
12.7001880991629,17.9376565243411,11.2700188099163
11.6709879077223,12.8134903360735,11.1670987907722
3.5747996900835,28.1727247168801,10.3574799690083
21.0786780598317,19.220007449222,12.1078678059832
20.6040261569495,8.68349105707125,12.060402615695
16.00213649515,11.5087241268415,11.600213649515
24.8683345454085,11.2337413704065,12.4868334545408
14.584864255653,-9.44997454415768,11.4584864255653
-3.76592208458037,26.5973467397488,9.62340779154196
3.26734585763114,20.9655461306382,10.3267345857631
-3.24612614898356,2.00922102284892,9.67538738510164
4.26599363560688,14.2466749552645,10.4265993635607
2.79633322775876,12.6985923588457,10.2796333227759
9.42115873144235,-0.385478237379973,10.9421158731442
-0.109216485524454,24.8881524879798,9.98907835144755
10.5802877240407,8.57555772271442,11.0580287724041
2.45415356081182,12.0812524355157,10.2454153560812
26.6728726937265,16.7159973637701,12.6672872693726
16.1670747601721,1.67546278292298,11.6167074760172
18.1017422949523,0.955880933822534,11.8101742294952
12.8418535782634,10.7987598125291,11.2841853578263
25.8217608051942,18.3430320856415,12.5821760805194
2.64263546051023,11.0025688644972,10.264263546051
4.38355269639434,17.4978109826616,10.4383552696394
23.3228223854166,15.6820832724552,12.3322822385417
2.49303646689633,15.7031817059358,10.2493036466896
6.92619256398035,-3.33643980301465,10.692619256398
5.07192070558016,17.2777309799968,10.507192070558
5.80007131451493,2.68200267002242,10.5800071314515
6.20886697023441,5.96359780268248,10.6208866970234
13.9418833126783,10.3456676789199,11.3941883312678
7.22669517730394,-5.75584135532297,10.7226695177304
3.94042537885743,9.39867301817215,10.3940425378857
22.4303882517041,7.84446245673838,12.2430388251704
6.85420591453131,3.50030607206849,10.6854205914531
7.20443469956613,5.17446750660748,10.7204434699566
7.99809258786438,23.2547010263007,10.7998092587864
16.1266630705141,-0.97654720255963,11.6126663070514
8.26435595873674,8.67259078159344,10.8264355958737
8.62365828532952,-13.8572512726616,10.862365828533
2.18339521244343,3.47664632018365,10.2183395212443
5.75729727753681,5.56275787345451,10.5757297277537
9.60160440434515,26.3834183199548,10.9601604404345
3.11105513740336,0.690924861372755,10.3111055137403
14.3149619263257,2.70970082821851,11.4314961926326
-6.18394081786787,-4.59469026083042,9.38160591821321
12.0655786078977,13.0046095289538,11.2065578607898
-6.36449823537586,20.9044700543358,9.36355017646241
5.99023873163389,-1.3863122277015,10.5990238731634
3.71720095554994,6.11447608081478,10.371720095555
2.47905219319001,23.9109913077941,10.247905219319
8.43103222152607,4.00012927556599,10.8431032221526
-10.1435942568001,15.8407626580828,8.98564057431999
20.7658331201856,15.9716187401559,12.0765833120186
-7.64972436212003,-3.81893167426505,9.235027563788
4.36469598527614,22.6053497095389,10.4364695985276
-2.15920105042845,17.7358200776803,9.78407989495715
1.49180998806552,5.26715590454855,10.1491809988066
29.8716654562835,3.94723199932672,12.9871665456283
9.17395619693252,7.01321143882399,10.9173956196933
-3.86300530434326,17.7543336210198,9.61369946956567
-7.40605534418578,3.61690166374711,9.25939446558142
13.5018710127266,-7.39186608642052,11.3501871012727
8.81440167285362,9.45239305807436,10.8814401672854
5.81931625456156,18.3009717228796,10.5819316254562
-0.293621474537023,-1.62054144912912,9.9706378525463
-5.87460310141485,7.03338441315516,9.41253968985852
-1.75192296615681,-2.39712555683822,9.82480770338432
19.0002880371391,13.0680909329703,11.9000288037139
2.78733305203177,8.95373702506796,10.2787333052032
-4.84426847384491,9.17872539223916,9.51557315261551
27.6929062242358,6.54602644014888,12.7692906224236
13.2510037737245,4.23146576184316,11.3251003773724
6.61352899086967,19.3758070431744,10.661352899087
19.5848304870902,13.0098632390807,11.958483048709
17.8642265137494,9.91706997563636,11.7864226513749
2.80756951768853,-21.8511283724394,10.2807569517689
31.0610246454047,0.34991543290198,13.1061024645405
6.44972969858985,18.2740361487228,10.644972969859
-5.24494650212808,5.40735391535913,9.47550534978719
7.55600398045781,-1.32757744076033,10.7556003980458
11.0753833923234,6.71431177044884,11.1075383392323
32.0797839905936,9.45217093962959,13.2079783990594
10.0580236789371,5.99137841642664,11.0058023678937
13.5699880542341,16.323124563211,11.3569988054234
8.22847064643469,26.0316564469328,10.8228470646435
5.65999157633455,20.446917435747,10.5659991576335
8.65273971688724,23.3264993113994,10.8652739716887
16.8763960563016,8.38896633064533,11.6876396056302
29.7524500865228,21.4186921485417,12.9752450086523
19.2739243876377,2.11663488630061,11.9273924387638
21.079083983867,10.7156943472121,12.1079083983867
-3.31323421558044,31.5230556431769,9.66867657844196
18.8389557005338,11.7556154712673,11.8838955700534
11.1992480366065,8.06683554395377,11.1199248036607
-5.67250029092243,3.59061536438469,9.43274997090776
14.2102274264814,19.1337077613747,11.4210227426481
7.41245395283984,31.8031390129019,10.741245395284
23.645873119698,16.4861576804402,12.3645873119698
1.33918000395335,7.52126921945577,10.1339180003953
4.69788246071453,31.2076247061084,10.4697882460715
-0.261094973774371,2.18558826821314,9.97389050262256
7.2289603856346,22.0382211713725,10.7228960385635
13.0201177948634,7.08856049864979,11.3020117794863
1.68251826880394,-0.0492218733169398,10.1682518268804
17.3037316798167,23.9134269554495,11.7303731679817
-3.08082786304465,-8.30568953525836,9.69191721369553
-1.47984412807742,6.76951620368505,9.85201558719226
23.4115770684428,12.4963101403316,12.3411577068443
-1.15847465304649,5.46097534802607,9.88415253469535
13.1197471231751,-5.0681026164944,11.3119747123175
5.1892394889108,4.10491238706257,10.5189239488911
13.0940183965093,-4.2609556048556,11.3094018396509
25.8887328620405,31.8205098158328,12.588873286204
24.8658843344197,-6.0817078505566,12.486588433442
5.69092199317234,-10.4920921566331,10.5690921993172
-13.8523553529247,15.591249734151,8.61476446470753
33.9766158983416,22.4721056671175,13.3976615898342
15.6706616676549,9.60718417792525,11.5670661667655
14.413273359637,9.3731224564077,11.4413273359637
8.86600476854091,18.1370321816051,10.8866004768541
14.1010842295293,25.397297977271,11.4101084229529
7.35624168230333,-5.16992732604194,10.7356241682303
13.2069464325451,24.3656654096518,11.3206946432545
4.99753256022356,12.4598705929989,10.4997532560224
-4.7020787754746,6.13635766759556,9.52979212245254
18.8783826745488,24.5392796688926,11.8878382674549
24.1974502549955,21.817481876234,12.4197450254995
5.91259430774386,23.3707842901366,10.5912594307744
-3.53289755607691,6.73510880804426,9.64671024439231
15.4224130567782,19.3039658024936,11.5422413056778
8.55290863106021,13.812547195218,10.855290863106
-8.33218406824838,3.99478604536095,9.16678159317516
9.0213185968027,28.4744621030771,10.9021318596803
2.69699666071854,11.8869678546231,10.2696996660719
5.59031420139595,10.0121876617583,10.5590314201396
-2.56572362635853,15.0331436440525,9.74342763736415
27.0314190791747,16.6004871204736,12.7031419079175
5.68867963608779,3.51115381517331,10.5688679636088
-7.05513412253077,8.76270183682257,9.29448658774692
10.9719343873948,37.1616383265959,11.0971934387395
11.6317564640547,10.4372445985728,11.1631756464055
-0.858267004092907,6.95145438528746,9.91417329959071
-19.8892067167954,15.3543826889404,8.01107932832046
2.59518297434885,14.2743257618008,10.2595182974349
14.7050763592048,6.08749687552323,11.4705076359205
8.4027672395739,0.0130486147866709,10.8402767239574
8.01821255994766,19.279835331036,10.8018212559948
14.6082072862012,12.6492708786882,11.4608207286201
-2.86458638579474,14.5360135891821,9.71354136142053
19.9677704427424,9.083528997033,11.9967770442742
8.94655971721834,-5.62644674305086,10.8946559717218
16.0731066739808,12.2982566501569,11.6073106673981
19.3410773473746,35.839874734356,11.9341077347375
11.234804149153,-3.49423644809505,11.1234804149153
0.212923871339814,0.173229459656692,10.021292387134
20.6296455596733,-1.29757288906222,12.0629645559673
-11.0016494478548,5.24851893788398,8.89983505521452
3.55209259998275,24.169751739795,10.3552092599983
6.44329290843011,9.11115673330125,10.644329290843
7.33878963234994,8.17816262083596,10.733878963235
19.2046390878411,-0.965807127186659,11.9204639087841
10.3622189310278,11.6888860631097,11.0362218931028
13.0716760342384,21.6604318176328,11.3071676034238
8.30345186987095,33.4325031055893,10.8303451869871
6.52335658380669,23.7992984115343,10.6523356583807
15.9555080661964,2.89531734974899,11.5955508066196
20.462283572158,7.01492800336485,12.0462283572158
-15.0309621489187,14.5714593376668,8.49690378510813
14.7273955524584,11.3723253927001,11.4727395552458
12.7472440677865,14.0280274029663,11.2747244067787
4.74732278443924,-2.64825555526958,10.4747322784439
18.5101280757682,7.58571413414131,11.8510128075768
5.10762818281621,1.24672034148262,10.5107628182816
6.15669338200427,1.33009009208801,10.6156693382004
17.574097780798,4.56840375585877,11.7574097780798
26.196272991206,8.47172160393946,12.6196272991206
11.7005490093723,11.1133759695319,11.1700549009372
4.7781599021236,16.8123051851609,10.4778159902124
-2.89113294859585,4.61907896858081,9.71088670514042
5.6896702112099,1.99888082783371,10.568967021121
-0.398293265100214,26.1218464416186,9.96017067348998
6.41067416881215,20.5797314852645,10.6410674168812
12.9437916822157,18.2628377622796,11.2943791682216
0.481429079761366,27.0478496376302,10.0481429079761
35.4916688109488,3.77174742846813,13.5491668810949
10.5601167566508,31.5441874952585,11.0560116756651
20.3020726745494,24.2947005090607,12.0302072674549
-13.8912397984011,11.6811061399359,8.61087602015989
16.4100115719544,17.884330996462,11.6410011571954
-4.16245160451562,10.1971692640586,9.58375483954844
18.1980367760914,10.7115457633197,11.8198036776091
12.9813015545196,-4.46420544524105,11.298130155452
4.92471420730228,17.9183698789167,10.4924714207302
22.2425863017727,33.6474926112337,12.2242586301773
1.9876833075308,31.0964978974847,10.1987683307531
3.19385695759464,12.0173289670347,10.3193856957595
-1.01072181025419,8.82014992976404,9.89892781897458
2.31821393246607,12.0517663390398,10.2318213932466
18.4518495337308,23.304466736616,11.8451849533731
13.3370214954516,26.1066903755692,11.3337021495452
19.0515921767704,15.9846007430172,11.905159217677
5.09881335946321,21.6526686880869,10.5098813359463
12.7637029177465,11.0056118518391,11.2763702917746
11.4416492448649,16.1213869579593,11.1441649244865
-5.26257342382538,21.3301427939662,9.47374265761746
26.7842928747545,49.0741655548784,12.6784292874755
10.3444766093368,10.4944217049931,11.0344476609337
16.6559899915786,4.98412583029171,11.6655989991579
18.5513667690898,16.3132162510623,11.855136676909
8.4943429855773,6.79118183491997,10.8494342985577
5.94184580233029,16.9470160254487,10.594184580233
17.9367370242551,15.2061576937709,11.7936737024255
-1.47298149061295,23.0143734813355,9.8527018509387
28.7133738622415,3.27357254961051,12.8713373862242
5.16367893711638,-1.53938422009663,10.5163678937116
25.5414530227499,28.2298758844214,12.554145302275
24.1221269395063,14.6650706918613,12.4122126939506
9.82965733585914,1.75885915917981,10.9829657335859
14.672209148515,0.729496810829591,11.4672209148515
-1.2454847953446,4.35186866484159,9.87545152046554
12.2300650302244,17.1276205143923,11.2230065030224
19.4361245835618,6.67085835110703,11.9436124583562
9.99078486897198,24.4175401245359,10.9990784868972
4.4586309084564,12.8843093757116,10.4458630908456
2.4421814754956,12.2030260414927,10.2442181475496
8.64077577377489,10.7088802911151,10.8640775773775
19.691614606768,8.99338817915903,11.9691614606768
4.16025069698723,8.73923359908436,10.4160250696987
7.78989888672556,22.3437756880378,10.7789898886726
-3.94140003820841,-3.78178009599399,9.60585999617916
13.9431283601486,22.2620005885967,11.3943128360149
22.0790152011415,8.70105955312153,12.2079015201141
23.9704100940278,19.7442734549118,12.3970410094028
17.1470273089736,11.1305578930598,11.7147027308974
-9.69788790202613,-4.42791783273012,9.03021120979739
13.8202950412376,14.851082196902,11.3820295041238
13.561356033012,4.97208913345902,11.3561356033012
5.46599714170089,21.7905232593569,10.5465997141701
10.7048947094798,2.7931591627991,11.070489470948
0.359640458730965,-7.84183732928144,10.0359640458731
15.7923077401566,3.039130748373,11.5792307740157
5.72898985346896,4.85267176178338,10.5728989853469
-6.69082185143952,1.0716110277645,9.33091781485605
5.32549243829518,8.15670830336495,10.5325492438295
22.6443492906985,6.31116996799275,12.2644349290698
5.65718635268836,6.45829668767279,10.5657186352688
16.327500422091,14.9126644262956,11.6327500422091
18.4658564019779,0.210119523300772,11.8465856401978
9.04398704326374,18.5061753545505,10.9043987043264
5.47677694450151,10.5221193339463,10.5476776944502
3.70304490866496,9.9880267817165,10.3703044908665
16.395892255748,-8.72278497422544,11.6395892255748
-1.63457415482812,6.82425179015157,9.83654258451719
11.462108435364,5.5897497992217,11.1462108435364
6.10500633435688,19.0834547905886,10.6105006334357
-13.6488935648794,22.543315753938,8.63511064351206
-5.08850456073194,21.803611696425,9.49114954392681
18.1601932879257,0.68264470727105,11.8160193287926
7.08721049464801,2.74818212282914,10.7087210494648
17.0328321613365,10.8080844446665,11.7032832161336
27.874744633086,2.19090558469406,12.7874744633086
23.7388118110914,-3.66924075869156,12.3738811811091
15.77268492313,19.4907751525653,11.577268492313
12.7996268656674,11.9615279671566,11.2799626865667
7.07201573542666,16.8511615708235,10.7072015735427
24.778917949044,0.447214266632477,12.4778917949044
14.9623410931845,8.09168575571214,11.4962341093185
-2.73576940871359,-1.98606328510244,9.72642305912864
7.44357465109682,2.45020978875822,10.7443574651097
-10.1890982026984,11.2732105977806,8.98109017973016
7.04741153889363,2.55481197106198,10.7047411538894
-16.9232766994599,-1.62678281608046,8.30767233005401
22.1400216719805,-0.847682422893717,12.2140021671981
2.64456998967865,-4.0777607161109,10.2644569989679
4.70021161305812,1.8415418289391,10.4700211613058
7.30681667698037,27.7686737058396,10.730681667698
15.1221817398913,4.95589220924939,11.5122181739891
15.783401772227,0.446653920963191,11.5783401772227
14.6795197247167,-2.58710249121195,11.4679519724717
3.27457396073874,8.82102052819743,10.3274573960739
-4.6329125627834,5.5966396194339,9.53670874372166
5.11277755662099,13.0319709531409,10.5112777556621
11.7791413245054,8.35084975513093,11.1779141324505
0.769188784279756,18.7535950037698,10.076918878428
8.31159065521535,18.0320702783982,10.8311590655215
-2.67662326129799,20.2930336879555,9.7323376738702
8.91690985784393,13.3267115895683,10.8916909857844
10.2885540159741,22.1724820223105,11.0288554015974
7.54124371538997,9.98859723429017,10.754124371539
7.36089043263932,20.0653395827677,10.7360890432639
26.6355200278492,11.0837346160934,12.6635520027849
16.6258651241832,4.84749136439224,11.6625865124183
20.1143108073063,-0.189579833520746,12.0114310807306
-0.232069528298311,2.88766313092649,9.97679304717017
10.6434183842796,3.57754586001349,11.064341838428
20.5482518709727,17.815600448564,12.0548251870973
8.4347857547351,10.3224839361639,10.8434785754735
-12.2936064823465,2.46726761581058,8.77063935176535
12.4484576209946,2.261485106992,11.2448457620995
-10.0495544558553,24.1219033095873,8.99504455441447
0.888298468597828,7.72133691931373,10.0888298468598
22.240043212996,-0.264029894664374,12.2240043212996
15.1563684930267,7.21554348544746,11.5156368493027
19.9166895553536,12.9246633202125,11.9916689555354
12.0660486151363,19.5370157486184,11.2066048615136
7.89841237517143,9.9405164563284,10.7898412375171
-0.243127731272839,11.0942176169953,9.97568722687272
24.929137537192,2.09855432522948,12.4929137537192
9.4501059812188,18.9092387333311,10.9450105981219
1.84871599332117,11.1839053609117,10.1848715993321
17.6522309971714,19.1348206316253,11.7652230997171
19.744409582779,27.4432543024406,11.9744409582779
27.9565477419858,14.5848644928324,12.7956547741986
2.97002696394906,7.47153677996254,10.2970026963949
5.09132179276863,2.83614439352596,10.5091321792769
4.83777968469808,4.71973556603859,10.4837779684698
5.24342577179609,1.37578417717198,10.5243425771796
5.33369054297642,14.2324786671714,10.5333690542976
6.04322547299114,-4.0725210857178,10.6043225472991
23.4182041019987,-5.11179937388096,12.3418204101999
2.02461708086959,3.52864366887236,10.202461708087
5.1183249407864,21.3546225588993,10.5118324940786
15.5253645217152,12.7808528664931,11.5525364521715
20.2477244653513,7.08227849900412,12.0247724465351
1.27889196976072,16.8237710361211,10.1278891969761
3.91913783861713,6.87712525051244,10.3919137838617
14.2362059049802,10.2738165816872,11.423620590498
19.1775422653797,12.6476236445512,11.917754226538
6.48835411912022,21.5365815374418,10.648835411912
-5.2999344738861,22.3956939372688,9.47000655261139
26.0912103210088,25.4342339730915,12.6091210321009
23.3506957231162,22.1256307552582,12.3350695723116
1.8962885415012,13.484326688441,10.1896288541501
8.34932426344416,29.6312896036794,10.8349324263444
-8.59468735365931,29.5695215751476,9.14053126463407
14.697229718191,24.7554866980206,11.4697229718191
25.1234679820178,10.3156603608361,12.5123467982018
-7.37280647104716,-1.13775496261774,9.26271935289528
1.20431486798253,12.0499293138895,10.1204314867983
2.58823066249436,4.706460547457,10.2588230662494
2.18868606428844,12.9687775049425,10.2188686064288
-11.3328559561795,3.36158035352255,8.86671440438205
14.0096355924791,20.6135624901828,11.4009635592479
-6.31798139965743,31.2627617837587,9.36820186003426
8.75002360721736,20.5149502615466,10.8750023607217
14.9298472102529,18.9111694837519,11.4929847210253
7.0180457851536,11.07537022811,10.7018045785154
17.9200839247353,33.6003452548208,11.7920083924735
8.74284929081846,10.0784328940072,10.8742849290818
2.52339549414335,24.0152898376505,10.2523395494143
15.4635941503464,27.2995261829418,11.5463594150346
4.66167259970412,12.0699370440499,10.4661672599704
26.726111849785,-19.8595895440508,12.6726111849785
8.8174028883699,7.58243541569996,10.881740288837
17.5281499360053,16.3237132502264,11.7528149936005
11.0516290324403,-1.93587467109978,11.105162903244
-21.0804859892048,-5.01978298737268,7.89195140107952
-4.66111931328984,18.5976853853583,9.53388806867102
4.75897739855188,-17.4837172122571,10.4758977398552
11.3680366374556,13.4724093769486,11.1368036637456
-14.4272312035896,5.86691749314944,8.55727687964104
18.6169663338071,5.27624608320929,11.8616966333807
2.9557426614556,10.9290321968513,10.2955742661456
1.47122720637087,10.691891111287,10.1471227206371
-6.55611592544246,11.8144816418221,9.34438840745575
-5.53893738001058,10.6864617410565,9.44610626199894
9.5633183605441,5.60376483997834,10.9563318360544
14.0936940667389,13.9941953205335,11.4093694066739
-11.978829597843,22.6792057197912,8.8021170402157
-1.04361979449335,16.5673424835475,9.89563802055067
14.3577172225259,26.4062662430595,11.4357717222526
4.46962915350082,7.69815888091301,10.4469629153501
30.6536850181726,18.8961269355246,13.0653685018173
21.4574667274811,17.1793319355663,12.1457466727481
14.954980340696,4.06302121431709,11.4954980340696
9.04884449538189,2.73610859499958,10.9048844495382
11.7936078205526,29.882197592675,11.1793607820553
1.94093874732374,1.92156343426975,10.1940938747324
15.2801715295725,21.0351440888,11.5280171529573
23.802139600857,9.7184904494787,12.3802139600857
19.8342991008328,0.992608093117239,11.9834299100833
0.867557433359091,-5.25541968740019,10.0867557433359
-7.18876849223588,-2.78197544556277,9.28112315077641
7.90344300511759,-8.70990842808138,10.7903443005118
13.4088937091698,2.50048907459881,11.340889370917
22.509939798086,21.9850538318246,12.2509939798086
-4.18609484533564,3.77167735711168,9.58139051546644
12.6438459260745,28.6320584077278,11.2643845926074
11.3349983508852,9.40674665355635,11.1334998350885
20.9395526125905,2.71402994376843,12.0939552612591
8.72090027870423,8.02615342993992,10.8720900278704
5.42701145495747,4.65252012882612,10.5427011454957
-2.46814136118367,5.31387160359253,9.75318586388163
3.82579516406377,10.9825452510987,10.3825795164064
5.37876227421728,11.3602057160738,10.5378762274217
32.505543257891,20.8345295626609,13.2505543257891
33.4653137569996,18.7431612847333,13.3465313757
7.33296720515724,18.4997731858406,10.7332967205157
-1.43667439061888,11.1780492076825,9.85633256093811
-10.7293493407467,0.858412068017934,8.92706506592533
14.1467163343803,15.908172491304,11.414671633438
-1.90573583734857,13.9358409845966,9.80942641626514
31.8465932554436,9.14851883442449,13.1846593255444
0.143824273420407,6.13349965256784,10.014382427342
10.1110642974572,21.9629839081486,11.0111064297457
47.1027668071067,28.115077111242,14.7102766807107
-2.08909997943253,10.9351454688132,9.79109000205675
12.0756662442145,7.28492042160524,11.2075666244215
-2.06894472225163,26.3166839597502,9.79310552777484
12.4765364882196,-1.18932243892414,11.247653648822
0.267354649379561,0.907476757142371,10.026735464938
9.77303122736924,19.4777378416763,10.9773031227369
6.03131357843379,1.35000140685087,10.6031313578434
-2.83242240432669,18.6525699039794,9.71675775956733
9.112926884239,1.50119531030518,10.9112926884239
18.9160103605937,17.2811219770749,11.8916010360594
24.9396745390374,10.6742234728504,12.4939674539037
-4.7271127092917,18.4449646787221,9.52728872907083
6.5038906695768,23.9424711193068,10.6503890669577
20.5942452685555,11.0247632747908,12.0594245268556
-2.14222347843597,15.9364237593796,9.7857776521564
-16.2850068885039,-9.6262246422124,8.37149931114961
-0.359025585133123,7.3370460250566,9.96409744148669
-0.672394579355652,-2.16865822671977,9.93276054206443
9.47488592327796,12.9922611178365,10.9474885923278
4.96263206501966,10.3563221613829,10.496263206502
11.3149612824463,8.77948773005577,11.1314961282446
4.77627592073254,8.59444104969371,10.4776275920733
12.741183946953,20.7869490831003,11.2741183946953
5.33994225002985,8.99384636526804,10.533994225003
20.9010144652106,30.6325464940396,12.0901014465211
1.62672474742771,-8.8790010691521,10.1626724747428
11.9066664543927,14.7836636644439,11.1906666454393
0.151504317155446,31.1604998938126,10.0151504317155
11.0800647887083,-0.249483389560798,11.1080064788708
8.52269827521474,2.88970996967808,10.8522698275215
-7.84520646138592,5.23978485235389,9.21547935386141
7.55773443381049,11.6730138588369,10.755773443381
20.8021366550265,9.69327292414988,12.0802136655026
15.813999231995,6.96177628620565,11.5813999231995
10.4324763088755,30.3066537043836,11.0432476308876
-2.92316443712916,10.9282317045133,9.70768355628708
20.6922865278909,22.989734417852,12.0692286527891
9.79201708945372,-18.7433730455288,10.9792017089454
4.48226247231323,21.7331167568841,10.4482262472313
25.4202821280077,25.6620295029371,12.5420282128008
1.30407678400482,5.30432794775009,10.1304076784005
12.0336096075785,8.95477099421964,11.2033609607578
21.8173742118351,28.8593905299772,12.1817374211835
15.0222279517043,11.9144081183365,11.5022227951704
5.92977735463164,20.974726190977,10.5929777354632
4.81581896577359,16.3580112299998,10.4815818965774
12.5513553004608,9.67213975858975,11.2551355300461
14.1348111459956,8.49262696568377,11.4134811145996
9.1860740032874,-3.28038223306341,10.9186074003287
22.1844897225668,-9.16473127982807,12.2184489722567
8.34168000161847,10.6091669511359,10.8341680001618
1.99703921682296,12.8974134579317,10.1997039216823
14.3732613152134,6.40763214121092,11.4373261315213
-13.0178232235392,15.0062915813232,8.69821767764608
12.9197374379841,16.0376258279639,11.2919737437984
13.9696095242372,7.99037033665936,11.3969609524237
6.75125284570098,11.1711408797916,10.6751252845701
-2.17143165331885,22.7354887432691,9.78285683466811
5.05005396686123,13.6512474462692,10.5050053966861
24.4983034223631,20.4655553792596,12.4498303422363
1.56485520201334,15.0170744825259,10.1564855202013
-14.3171211772957,25.8238984487787,8.56828788227043
17.1224544220921,12.7365740497172,11.7122454422092
3.98689342798649,0.500318593405289,10.3986893427986
3.89113434047643,5.78470134405877,10.3891134340476
-3.15364041155011,12.0612508785609,9.68463595884499
8.77441371652778,8.18346872994372,10.8774413716528
16.0123930042971,9.9056986038633,11.6012393004297
3.12517974410201,16.9612077070763,10.3125179744102
2.9327205858121,2.53776290652775,10.2932720585812
19.9664021500029,-7.19597109529215,11.9966402150003
6.52490322919704,30.8458157192535,10.6524903229197
7.40098286676753,15.0922034353669,10.7400982866768
2.74221749264925,20.7759100708134,10.2742217492649
18.0043463560024,8.67928622909623,11.8004346356002
-0.941936292662252,10.8419825437792,9.90580637073377
17.4925038588036,-9.78262711998532,11.7492503858804
17.0570228897644,15.2856329992413,11.7057022889764
4.3239906400878,15.1110471773035,10.4323990640088
17.4842031372334,2.68153196495996,11.7484203137233
18.8676986359602,6.59327070832853,11.886769863596
14.7562028851936,24.9113874570708,11.4756202885194
29.2484204541817,17.619182611653,12.9248420454182
-10.6235319122504,6.40659593127072,8.93764680877496
-2.64920930637587,13.4261162226467,9.73507906936241
-4.76519213730835,-3.94359111823861,9.52348078626916
10.6767993446977,22.7870341906758,11.0676799344698
24.8462907915972,-6.60273437010325,12.4846290791597
25.7788895297625,2.53398084673633,12.5778889529762
13.8829669839496,18.155171834986,11.388296698395
17.7867326256032,23.3018907047306,11.7786732625603
7.55125125970119,-6.57247404966294,10.7551251259701
13.6897176007421,17.3820603259348,11.3689717600742
12.7623547712948,14.6927386178745,11.2762354771295
1.38959724943519,9.78614963428632,10.1389597249435
6.06705066249136,4.34505486829182,10.6067050662491
7.65158735592482,2.20544663813164,10.7651587355925
22.9384581617302,13.811624235911,12.293845816173
-1.36988689698292,21.9267382487631,9.86301131030171
-12.1433514780366,-6.10011397983034,8.78566485219634
16.682782182044,1.1645369875168,11.6682782182044
0.838393792465144,26.4625805483324,10.0838393792465
4.63893076839426,-1.60944873519334,10.4638930768394
18.0470503128281,-14.4568458147448,11.8047050312828
1.36913735451683,10.3115463969619,10.1369137354517
5.58933020362196,14.0008732940448,10.5589330203622
24.0242453423459,12.5296229075558,12.4024245342346
14.283077123164,2.69380638042678,11.4283077123164
14.4219135546431,14.8701941988765,11.4421913554643
7.63326644282123,8.98944910145735,10.7633266442821
-2.36733853302732,18.9775986926033,9.76326614669727
-5.96627154355794,12.4128168677396,9.40337284564421
6.76614356443405,17.6104818835414,10.6766143564434
29.0171922777288,16.1564382905606,12.9017192277729
11.2170381621362,15.2022140435024,11.1217038162136
10.6437290924639,18.6627954681565,11.0643729092464
12.3262360885001,-11.6389115956541,11.23262360885
5.14792000908569,15.6931746167931,10.5147920009086
-4.98754026557893,-3.97111660941875,9.50124597344211
35.7574079585182,17.2073393845351,13.5757407958518
4.76313911318017,23.6238395579007,10.476313911318
6.01398488066936,6.11833937898899,10.6013984880669
-8.92341726852975,1.02601359055453,9.10765827314703
6.51991774931902,9.7893067845361,10.6519917749319
6.52696081625395,26.5069388068338,10.6526960816254
6.44489621473654,11.6550641033405,10.6444896214737
-8.86938100092568,10.6006840164371,9.11306189990743
26.8466281602476,7.22031613458437,12.6846628160248
26.6358634774588,7.38683047510473,12.6635863477459
15.896002219341,10.1908846270136,11.5896002219341
-2.00740644423922,-6.0948547889224,9.79925935557608
16.1450935689781,23.9555510137746,11.6145093568978
6.53529683065979,7.29898119974493,10.653529683066
5.80213834072795,-9.42981123402592,10.5802138340728
22.626442929547,12.088060265571,12.2626442929547
-3.27882589982681,7.26244845158117,9.67211741001732
3.88780767249527,-7.53111322197572,10.3887807672495
1.68805000935036,30.6657201132051,10.168805000935
9.19752006876791,-0.252424108231985,10.9197520068768
-6.72863914709989,-4.20835936288638,9.32713608529001
1.96666730171712,14.7096898404809,10.1966667301717
16.1593208890767,21.9482063374126,11.6159320889077
13.6521490642311,9.40635795528423,11.3652149064231
-0.739023064042916,12.1992015614032,9.92609769359571
14.5921773046833,0.437220230593445,11.4592177304683
-15.3263974540567,18.0201339400078,8.46736025459433
5.59515073297855,13.687819532423,10.5595150732979
16.1303319485023,12.6230903268415,11.6130331948502
2.40962613510872,17.7221167564133,10.2409626135109
8.63597377433515,20.8532063253696,10.8635973774335
-6.93286301526907,1.98156060834152,9.30671369847309
17.4779279724777,16.5567451983556,11.7477927972478
-9.50388848660613,-0.84489193123418,9.04961115133939
5.76349368309686,32.8719398517672,10.5763493683097
6.44751887496828,15.2121178833855,10.6447518874968
9.6092122730675,10.6027667914602,10.9609212273068
0.765083709811218,5.17208130678352,10.0765083709811
27.2973048483604,10.5240643730279,12.729730484836
-5.29916215781502,-1.54200982363139,9.4700837842185
11.5413714300459,11.7888418565751,11.1541371430046
-20.3977369533598,13.7954856355354,7.96022630466402
9.02415808943475,5.76882734699589,10.9024158089435
14.0966557126194,3.28414435198609,11.4096655712619
-1.84720001113961,-6.4779190562596,9.81527999888604
16.0483297687757,17.2938900419953,11.6048329768776
12.3097634999421,14.5688094170438,11.2309763499942
18.7632747297637,9.76310187928691,11.8763274729764
0.566601196012645,4.54568081560888,10.0566601196013
-0.705799048629128,12.5130313845484,9.92942009513709
-8.71531348642931,-4.62363581275288,9.12846865135707
5.77529658354051,-4.15001183267293,10.5775296583541
-4.38800742354501,-4.89089747081317,9.5611992576455
15.8815602814606,7.97527178193435,11.5881560281461
9.71280652250579,18.8783802995569,10.9712806522506
30.8975235927918,20.2363308225191,13.0897523592792
-2.57707599301478,4.0907572277184,9.74229240069852
20.8168806409233,26.2618310983836,12.0816880640923
3.72631638391822,-1.0849361715082,10.3726316383918
-5.56628011310756,4.51519375916546,9.44337198868924
14.7296737049317,4.14244463393327,11.4729673704932
-5.33377704672207,11.0589430988731,9.46662229532779
-1.551850185265,-7.66711461072127,9.8448149814735
1.66888122578048,22.0151967931025,10.166888122578
11.109072642513,23.181223274459,11.1109072642513
-0.989207270610098,19.677572538244,9.90107927293899
19.7785032320562,11.1579328827737,11.9778503232056
-2.98974382507874,21.2636598434711,9.70102561749213
11.1663703518471,15.9846004027098,11.1166370351847
10.4308702978893,20.6315736577395,11.0430870297889
-1.65750091052981,11.6121736208348,9.83424990894702
4.71376589298221,13.3938853996388,10.4713765892982
2.43820523228653,-10.889586323305,10.2438205232287
18.5939432685761,6.4789152186467,11.8593943268576
24.5605263610222,22.5963084836339,12.4560526361022
-1.40796433788246,10.8718999809503,9.85920356621175
18.3057240854025,-0.356501306940585,11.8305724085402
8.24554068987809,1.24078614107627,10.8245540689878
-10.6719534905096,3.37482980488921,8.93280465094904
1.44096357354807,31.3628554737877,10.1440963573548
13.6114916050676,9.56524928489725,11.3611491605068
10.4510663104787,4.59775254862048,11.0451066310479
-15.4231132108142,-12.4681490386468,8.45768867891858
14.8031868545157,-7.53838969153698,11.4803186854516
15.5505199848675,23.7775547617027,11.5550519984867
5.95491162740581,2.083286748939,10.5954911627406
1.92431767382703,26.4044605969584,10.1924317673827
28.7157201447823,9.58054399483306,12.8715720144782
8.10001319352251,-12.4540939550488,10.8100013193523
8.85982748068076,32.8159627434331,10.8859827480681
-2.23456937110154,-1.04825670107944,9.77654306288985
-4.44130123376206,4.49226020302316,9.55586987662379
-6.23155771062088,10.3360337972683,9.37684422893791
4.78031789617826,9.27637921020219,10.4780317896178
22.6092446408098,-2.92575183266463,12.260924464081
26.5379484533487,-2.45205578309462,12.6537948453349
24.6836473435279,26.4244140166558,12.4683647343528
21.9675556994775,5.11253612914813,12.1967555699477
6.62403748556388,18.9417872796563,10.6624037485564
-3.24150135680706,26.753408236455,9.67584986431929
5.72187319859928,2.78052175114419,10.5721873198599
-15.1245027627225,1.41855903700792,8.48754972372775
5.8620712655661,-9.342817978597,10.5862071265566
25.5987870464572,31.558644033755,12.5598787046457
10.3095310060752,3.46888374188088,11.0309531006075
19.9588868268958,8.21633088544735,11.9958886826896
13.8934095694391,-2.25020705791348,11.3893409569439
1.21089704551347,17.5406712976274,10.1210897045513
26.4355935292935,28.7533193130676,12.6435593529294
8.21612714668934,13.0954871836223,10.8216127146689
-0.755537925225481,5.91928946830384,9.92444620747745
9.70659824738569,-5.72514417169207,10.9706598247386
-6.18599528823195,24.2884114441978,9.38140047117681
17.6377903279132,18.6786533647753,11.7637790327913
14.0156838536437,10.9917936187164,11.4015683853644
5.45218670353013,22.5886671971372,10.545218670353
4.1157111240881,23.3967207481122,10.4115711124088
18.362939472927,7.21412373969352,11.8362939472927
-1.62408386422142,-2.42014586464397,9.83759161357786
-0.838208717043884,19.5488466693532,9.91617912829561
13.2424787702008,18.2563601566289,11.3242478770201
4.48686519447366,5.43475486018598,10.4486865194474
18.250847967239,43.3647989665611,11.8250847967239
7.01379190187687,-14.7896897599817,10.7013791901877
20.948510169004,12.0134701686095,12.0948510169004
13.9554470518015,22.7833511148931,11.3955447051802
-13.4515257409297,23.4783121053711,8.65484742590703
-4.3537136041822,19.3230787292201,9.56462863958178
21.8277520617769,13.6662781390099,12.1827752061777
15.9079590417371,19.479883477251,11.5907959041737
-0.670626678583087,15.5087495292188,9.93293733214169
-4.45793685020108,9.28026238455083,9.55420631497989
19.3366538931573,3.16291580131331,11.9336653893157
0.882235403369464,22.250658247621,10.0882235403369
27.0172547861817,9.18922735586895,12.7017254786182
26.7154196037941,9.727610786644,12.6715419603794
-5.54691369802391,11.9766867247872,9.44530863019761
0.543456874243631,10.1693255456889,10.0543456874244
-3.50479659324182,-10.1083192815748,9.64952034067582
15.6728806790418,7.30402082928848,11.5672880679042
-3.9076968763763,15.732255913464,9.60923031236237
-11.3500353846891,21.1731375498881,8.86499646153109
29.2134699449252,0.213268914195689,12.9213469944925
19.0597348761217,5.40041685257621,11.9059734876122
17.17123601225,-12.7145387706286,11.717123601225
2.36011716422756,20.2014976616074,10.2360117164228
8.88718768749603,10.9398540528396,10.8887187687496
15.1967725620979,19.4299248945871,11.5196772562098
-3.81238741964203,3.98684589012436,9.6187612580358
7.75738673623952,12.9140007006129,10.775738673624
10.7574165450177,20.846568295524,11.0757416545018
25.9277379447271,10.2511627681145,12.5927737944727
15.4213271720693,20.0287382567546,11.5421327172069
21.8223303234921,18.7219419380027,12.1822330323492
10.4054697354738,-4.86515328919139,11.0405469735474
-2.12502683180569,12.8817286459585,9.78749731681943
5.60323028038102,-14.2994988708179,10.5603230280381
-7.64764639262475,6.4508442877764,9.23523536073752
18.2885176172027,6.30451416838486,11.8288517617203
23.1682683471578,21.0772475626185,12.3168268347158
8.37279222372986,13.7721161667879,10.837279222373
-0.809023360978713,3.94687719518316,9.91909766390213
19.8715025123701,10.4151142181615,11.987150251237
10.3932702656069,12.8811776293443,11.0393270265607
5.13727902326215,0.38340775933829,10.5137279023262
20.2358542318002,5.22515137578173,12.02358542318
1.40154342642407,-2.28678180235515,10.1401543426424
20.4895910322903,-3.30122826156387,12.048959103229
0.575237410632496,4.81212360995916,10.0575237410632
12.9141334039277,11.106139485811,11.2914133403928
17.9137724231864,-3.89009446927106,11.7913772423186
-4.35258712554325,14.2432580293996,9.56474128744568
12.9812347783493,4.61983483802042,11.2981234778349
7.88413197051174,13.8992367929264,10.7884131970512
15.7574391664229,13.0012539583277,11.5757439166423
1.11402064620783,6.37105485731266,10.1114020646208
8.13013665942506,-8.6362500944151,10.8130136659425
22.8228400775579,-3.69452913294809,12.2822840077558
10.6849016380803,-14.3380884459836,11.068490163808
17.2319094827512,25.3436634436848,11.7231909482751
6.79105402383558,7.07244536886524,10.6791054023836
-1.29391654714711,29.2345814539261,9.87060834528529
8.89074309152871,-3.6697636661617,10.8890743091529
-3.24991155440773,24.494065927532,9.67500884455923
-16.9611138844997,19.065084972029,8.30388861155003
20.6912259199149,4.49423857833174,12.0691225919915
-1.8690881697743,16.9539466273469,9.81309118302257
-9.26083012646414,14.8877632796826,9.07391698735359
18.9528180729257,10.4280427830322,11.8952818072926
8.88138218569261,25.9579559930821,10.8881382185693
3.00371605248391,7.50504517279663,10.3003716052484
7.22052013397895,30.999439346385,10.7220520133979
4.74018658197698,-1.48338330009473,10.4740186581977
18.9665877645507,25.0198376931929,11.8966587764551
16.2766070850153,6.38758558079035,11.6276607085015
-8.26630595863507,12.7158644955495,9.17336940413649
12.5339849564175,10.5366536188168,11.2533984956418
16.2681366589956,10.2953706030493,11.6268136658996
15.682609759767,10.6874871322837,11.5682609759767
-15.2431730928421,17.6535720038222,8.47568269071579
6.64642574984724,10.9790352186822,10.6646425749847
28.7963332091796,26.4689391421966,12.879633320918
16.9679453863953,12.8317429896316,11.6967945386395
-8.09276180645864,10.933789282755,9.19072381935413
-7.63668711883437,8.70152724126801,9.23633128811656
13.9110955231555,7.14352921188403,11.3911095523155
7.25944514427715,12.8050600354269,10.7259445144277
18.6129056387748,21.7905197417687,11.8612905638775
11.9382666167731,19.3324055461904,11.1938266616773
9.80999363509171,20.9410552018443,10.9809993635092
10.8366184279928,28.4111045519961,11.0836618427993
10.6625503539133,14.6366753797086,11.0662550353913
-3.69599066214253,11.1876642796072,9.63040093378575
32.4949332061946,28.7773798832441,13.2494933206195
-5.12005407425334,8.84729841411941,9.48799459257467
8.83038507217761,0.800850925580946,10.8830385072178
3.55680647378335,1.42672541080792,10.3556806473783
27.0011233335541,6.15496612115395,12.7001123333554
19.1144017617923,-2.42638810903281,11.9114401761792
3.36283444093371,24.5181269760761,10.3362834440934
11.0542079537502,5.16656414244174,11.105420795375
20.6546195019875,23.2551799306206,12.0654619501987
31.363228395069,36.9771384724182,13.1363228395069
12.0226507616885,7.16940013462095,11.2022650761689
-1.42506602231029,13.5585789822064,9.85749339776897
-0.835423134958107,4.16352754916006,9.91645768650419
29.0571858043419,42.0980066519291,12.9057185804342
-11.7057148385748,-1.95971937907628,8.82942851614252
39.5574236888186,25.7406556616867,13.9557423688819
6.386494059127,19.334677137703,10.6386494059127
4.4560674088628,19.7572698388713,10.4456067408863
10.5756055546395,21.3043728314542,11.057560555464
18.3338872786526,17.9631392889149,11.8333887278653
12.0282827583435,17.2847290906175,11.2028282758344
-10.5615022247248,0.0149326751301722,8.94384977752752
12.5353670946937,15.7738927726401,11.2535367094694
13.5042451374242,7.60330144352502,11.3504245137424
15.595508705345,39.9614023209137,11.5595508705345
-1.31420727607386,17.192513804743,9.86857927239261
-14.7102288136148,16.9341664010988,8.52897711863852
5.75423692175479,-11.6210974813125,10.5754236921755
-0.442987509097403,-3.31893657163071,9.95570124909026
1.34110001556899,0.367503020105461,10.1341100015569
-0.537792667199179,4.07546201298434,9.94622073328008
5.01995550145478,4.8218673973861,10.5019955501455
5.88782937076394,17.0251925043385,10.5887829370764
16.9609271323983,9.32302163767789,11.6960927132398
18.8642834387578,8.9006480868089,11.8864283438758
1.05468337582574,22.0010939298799,10.1054683375826
5.91182028484788,-10.4982300100957,10.5911820284848
12.6144476602559,10.528624726071,11.2614447660256
22.9879110483801,20.9328197975754,12.298791104838
8.43929580357599,21.5910041948663,10.8439295803576
-7.98873491554108,7.14260020628591,9.20112650844589
11.318525451413,6.79571422056062,11.1318525451413
7.80909329029444,8.95867148494805,10.7809093290294
26.7249285346043,8.36170612367584,12.6724928534604
12.434221654436,6.99732606112436,11.2434221654436
2.76950217645272,-3.26124654666273,10.2769502176453
4.60477706171473,8.49452821634932,10.4604777061715
3.94703210454519,12.7358645785281,10.3947032104545
10.8603513715747,5.51397219696639,11.0860351371575
10.7641779759948,-0.0568349517428288,11.0764177975995
18.1584820682478,-4.49050605177757,11.8158482068248
12.2017672618094,7.34193791157379,11.2201767261809
5.3331270287868,27.7596328692349,10.5333127028787
-0.40611295179737,4.37438570321187,9.95938870482026
15.3470293141953,5.16809447054666,11.5347029314195
8.37511517671669,38.6513828562302,10.8375115176717
10.8283786769179,-8.48972089624275,11.0828378676918
20.0364101842281,13.4289199820128,12.0036410184228
26.5203561864876,19.2970236078849,12.6520356186488
-0.538164601355527,5.15990861501528,9.94618353986445
25.4408045682029,24.38097628804,12.5440804568203
0.332664705490815,18.0876393837732,10.0332664705491
11.6635219219476,11.6995297711982,11.1663521921948
11.2237049485536,-0.551093657638674,11.1223704948554
6.23091490107671,13.8565930487828,10.6230914901077
22.9425304101804,9.08642281667652,12.294253041018
2.41088000221994,1.38158535921087,10.241088000222
15.6053128051329,13.0733129988937,11.5605312805133
8.86744299856702,16.6803790203111,10.8867442998567
-0.314802987308433,9.17685143950446,9.96851970126916
21.1468914346638,20.602365496518,12.1146891434664
-11.8834036550883,-16.2986752368325,8.81165963449117
3.73847530587379,17.7586186743611,10.3738475305874
-6.41402566907259,3.64865457997091,9.35859743309274
10.9432106990127,13.9597112335213,11.0943210699013
11.6442254944098,22.6406211083151,11.164422549441
-2.18735168709747,11.176851852021,9.78126483129025
15.5095295614707,12.4402190441347,11.5509529561471
-1.32900238582003,-16.4344934085137,9.867099761418
15.5920149941798,-0.613006821800591,11.559201499418
11.3782939962771,18.6293551881295,11.1378293996277
16.1527594710452,-2.54405329401911,11.6152759471045
-0.384830391938502,8.83769034242943,9.96151696080615
9.95354009678104,14.0356740701071,10.9953540096781
4.37180580043657,6.89705253056317,10.4371805800437
-5.68882156094565,0.918692948610904,9.43111784390543
10.5268650552153,-3.55904424617211,11.0526865055215
26.7376261131718,15.3162810734559,12.6737626113172
2.51929066484952,-8.82165037368772,10.251929066485
7.00182524331796,1.44786986202524,10.7001825243318
15.8924373297718,10.4735308035296,11.5892437329772
9.36145509836595,1.28380125550981,10.9361455098366
28.4353631225286,11.2145470737191,12.8435363122529
16.3721373378987,20.2390542832329,11.6372137337899
32.2133393302204,13.4023216827951,13.221333933022
12.4890934629397,12.6215339046591,11.248909346294
-2.33916661275917,25.7549440512038,9.76608333872408
13.2133526790432,10.2083267810998,11.3213352679043
-0.245562568141862,12.8300024788469,9.97544374318581
-1.07062366119336,-9.94616132678653,9.89293763388066
7.10525669896389,11.0179278509701,10.7105256698964
18.339167001786,4.23386783755668,11.8339167001786
12.4390999957798,-0.996222175579684,11.243909999578
17.1402027646355,21.7376868017774,11.7140202764636
18.153410022806,11.5999267736922,11.8153410022806
7.28147869577744,20.18136126242,10.7281478695777
-15.0223111360906,-0.587143275581147,8.49776888639094
16.9590685173084,-12.3261154170366,11.6959068517308
30.6911586935979,14.698496344628,13.0691158693598
9.58383499459687,20.3904728058052,10.9583834994597
-4.54914449527684,34.9911341527834,9.54508555047232
5.3244923444595,19.4043585693795,10.532449234446
-0.345175791552457,20.5698500857039,9.96548242084475
8.58360779928384,4.70088188991969,10.8583607799284
15.7611200555664,15.104660819722,11.5761120055566
17.6643614680554,7.01315486372078,11.7664361468055
11.3517502481331,15.3557387229501,11.1351750248133
-0.339701332764317,-1.86956167549042,9.96602986672357
17.132521672816,7.87575633236066,11.7132521672816
22.4831855513005,-2.34833950179836,12.24831855513
31.5188277593107,13.6096150205804,13.1518827759311
4.06347565534077,14.9309087038455,10.4063475655341
13.740925991525,11.9497513029171,11.3740925991525
20.9369166611409,5.70675313462729,12.0936916661141
7.83604528477884,8.39679134542328,10.7836045284779
14.2485855576848,-5.00416765991996,11.4248585557685
11.1442148127842,8.88867577171223,11.1144214812784
7.65550465463139,-6.99013404187562,10.7655504654631
10.6850910287503,10.9138500750258,11.068509102875
18.6473276953,29.375201514119,11.86473276953
13.087789140044,18.3508439695042,11.3087789140044
4.33561784825493,25.2437550269971,10.4335617848255
-13.3978297582177,22.1890961457705,8.66021702417823
1.04936814875164,6.80535845819815,10.1049368148752
8.80044882656365,14.5150322877891,10.8800448826564
-16.1442512196431,-9.89105245310301,8.38557487803569
31.1095203169735,22.0487294722227,13.1109520316974
-5.88762229912771,2.21998842750298,9.41123777008723
-2.60751875619231,19.1443433226451,9.73924812438077
23.5773822495573,-6.35383768448322,12.3577382249557
-12.8987594871999,20.180151223085,8.71012405128001
16.3906268112837,6.60915173242112,11.6390626811284
5.55991231457241,24.8149749147776,10.5559912314572
13.5587674151169,11.1624771858032,11.3558767415117
17.781102625448,5.39737299834781,11.7781102625448
-0.584639229123239,14.9242460810084,9.94153607708768
1.9415515425139,9.61168780234486,10.1941551542514
-20.9694930322778,1.64088291902021,7.90305069677222
-0.610523240448439,0.992740068342052,9.93894767595516
12.801882539167,35.3807904033657,11.2801882539167
14.0506758958203,1.90859508386055,11.405067589582
29.2705600379976,18.5185710095001,12.9270560037998
9.6462702873963,8.85048013194381,10.9646270287396
13.6365864840187,1.18511063032659,11.3636586484019
9.74778332693544,-2.92713155957911,10.9747783326935
4.1316376416456,-4.47312932718349,10.4131637641646
16.4891082086261,-2.41153551439307,11.6489108208626
13.6423458088964,-3.59812024124743,11.3642345808896
10.2942045839347,17.890879699414,11.0294204583935
0.845393483897169,7.71692304158146,10.0845393483897
8.59849548264574,30.8512738403442,10.8598495482646
16.8141697768025,18.0138038066358,11.6814169776802
15.7645274746263,28.0584282165406,11.5764527474626
4.17347474432053,15.4445339083289,10.4173474744321
2.30886532036491,18.6855606555985,10.2308865320365
14.1280132192226,16.0852752792146,11.4128013219223
19.4890992895349,7.92835929198724,11.9489099289535
10.2105816310294,20.2563251956369,11.0210581631029
5.86707114620468,10.5061507075027,10.5867071146205
0.193292699885497,20.3571716461311,10.0193292699885
4.80713108727811,2.48944329146082,10.4807131087278
-5.82751678021799,19.4595785315116,9.4172483219782
2.02681800599879,7.08294823867296,10.2026818005999
